Name,Phone ,Email
adeline,12345,addie@gmail.com
zade,23456,zade@gmail.com
rhys,76543,rhys@gmail.com
bridget,65432,bridget@gmail.com
daphne,11223,daphne@gmail.com
simon,23568,simon@gmail.com
josh,67899,josh@gmail.com
louisa,44556,louisa@gmail.com
ana,34425,ana@gmail.com
